title,url,thumbmail_url,channel_name,description
Udinese-Napoli 1-1 | Napoli are champions of Italy! Goals & Highlights | Serie A 2022/23,https://www.youtube.com/watch?v=SqgAd4dqX58,https://i.ytimg.com/vi/SqgAd4dqX58/hqdefault.jpg?sqp=-oaymwEcCNACELwBSFXyq4qpAw4IARUAAIhCGAFwAcABBg==&rs=AOn4CLDoke3Xi9eKUaEbgNl4sc9lI-Ls3g,Serie A,"After 33 years, Napoli are champions of Italy once again. None other than Victor Osimhen sealed a point to mark the crowning moment of a record-setting season by Spalletti‚Äôs men | Serie A..."
Big Brother Ibadan - Latest Yoruba 2023 Comedy Wale Akorede | Sisi Quadri | Okele | Biola Fowosire,https://www.youtube.com/watch?v=IPoLD2ICvt0,https://i.ytimg.com/vi/IPoLD2ICvt0/hqdefault.jpg?sqp=-oaymwEcCNACELwBSFXyq4qpAw4IARUAAIhCGAFwAcABBg==&rs=AOn4CLBN_UBWp6ZrHQBRd09lqjLaKS33aA,Yorubahood,Big Brother takes this year's biggest competition to Ibadan where people of weird characters are selected to win the ultimate prize of #10 Millionaira. Twelve insane people in one house where...
THE CRAZY IN-LAWS | MR MACARONI | CHIOMA AKPOTHA | LONDONER | OLUMIDE OWORU | MOTUNDE,https://www.youtube.com/watch?v=9z9DF11jNCg,https://i.ytimg.com/vi/9z9DF11jNCg/hqdefault.jpg?sqp=-oaymwEcCNACELwBSFXyq4qpAw4IARUAAIhCGAFwAcABBg==&rs=AOn4CLALXJpfbsx5ZyeC-bVSlAFdcTu9mA,MR MACARONI,
HIGHLIGHTS: Liverpool 4-3 Tottenham Hotspur | Dramatic Jota winner!,https://www.youtube.com/watch?v=e8RcQoGY4OE,https://i.ytimg.com/vi/e8RcQoGY4OE/hqdefault.jpg?sqp=-oaymwEcCNACELwBSFXyq4qpAw4IARUAAIhCGAFwAcABBg==&rs=AOn4CLAII3EHceFWEq_LMl6WtDzCsJdgXA,Liverpool FC,"Watch key highlights from the Premier League victory over Spurs, thanks to a late goal from Diogo Jota. The Reds led early thanks to Curtis Jones, Luis Diaz and Mo Salah, but thought they'd..."
"HIGHLIGHTS | Arsenal vs Chelsea (3-1) | Odegaard (2), Gabriel Jesus",https://www.youtube.com/watch?v=w5GTqa4odz8,,Arsenal,We returned to the top of the table thanks to a first-half blitz at Emirates Stadium. A well taken double from Martin Odegaard ‚Äì both set up by Granit Xhaka - put us two goals to the good...
FAMILY COMMOTION üòÇ | Twyse and Family,https://www.youtube.com/watch?v=oldfzmwtGtA,,Twyse Ereme,#TwyseAndFamily Twyse and Family THE MOVIE - https://www.reelhouse.org/twyseereme/twyse-and-family-the-movie SOCIAL MEDIA: Instagram: https://www.instagram.com/twyse_116/ Twitter: https://www.tw...
The most BIZARRE Premier League goal? #shorts,https://www.youtube.com/shorts/PQK4FMRItGY,,Premier League,The most BIZARRE Premier League goal? Former Manchester United midfielder Nani scores in a match against Tottenham Hotspur (2010/11). Premier League shorts üëá https://youtube.com/playlist?list=P...
HOME SERVICE | Brodashaggi | Kiekie |Jide Kosoko | Kate Henshaw,https://www.youtube.com/watch?v=dfUifogB0_k,,official BRODA SHAGGI,"HOME SERVICE | Brodashaggi | Kiekie |Jide Kosoko | Kate Henshaw Please SUBSCRIBE to Broda Shaggi Official YouTube Channel, Nigeria's number 1 Fine boy Agbero https://www.youtube.com/channel/UCG6orN..."
Episode 16 | Live Shows | The Voice Nigeria Season 4,https://www.youtube.com/watch?v=FCce0fqM4os,,The Voice Nigeria,Official Website: www.thevoicenigeria.com Twitter: https://twitter.com/thevoice_NGR Facebook: https://www.facebook.com/TheVoiceNigeria/ Instagram: https://www.instagram.com/thevoice_nigeria/...
Charm,https://www.youtube.com/watch?v=vGql5RE_uqM,,Rema,Provided to YouTube by Vydia Charm ¬∑ Rema Rave & Roses (Ultra) ‚Ñó 2023 Mavin Global Holdings /Jonzing World Entertainment Released on: 2023-04-28 Producer: London Composer: Divine Ikubor...
The new way to get a lady's contact,https://www.youtube.com/shorts/pUcZKr1MM-c,,MarkAngelComedy,
Johnny Drille - Believe Me (Official Music Video),https://www.youtube.com/watch?v=FVcW9Aj5R2g,,Johnny Drille,Johnny Drille - Believe Me [Prod. by Don Jazzy] (Official Music Video) Stream/Download: https://johnnydrille.lnk.to/believe-meYT Follow Johnny Drille Facebook: https://www.facebook.com/Johnnydri...
An Intricate look At Mujahideen Fighting Soviets In 1984 #documentary #afghanistan #coldwar,https://www.youtube.com/shorts/om_IQQ2vZcs,,Our History,Subscribe to Our History: https://bit.ly/3v5mKBG Watch More Documentaries Our Life - https://bit.ly/3A8xRMJ Our History - https://bit.ly/3rUpdhL Our World - https://bit.ly/3ftuckM Our...
Young Jonn - Aquafina (Official Music Video),https://www.youtube.com/watch?v=0zesotRwEWM,,Young Jonn,#YoungJonn #Aquafina #Myaquafina Young Jonn - Aquafina Listen: https://YoungJonn.lnk.to/AquafinaOM LYRICS Intro: Jiggy Verse 1 My Aquafina Kilode ton para Most nights i‚Äôm lonely o but...
"42ND LIBERATION MANDATE ANNIVERSARY SERVICE | 1, MAY 2023 | FAITH TABERNACLE OTA",https://www.youtube.com/watch?v=5QwmIyvXWbI,,Living Faith Church Worldwide,"Welcome to Our 42nd Liberation Mandate Anniversary Service. If you have recently given your life to Christ, kindly complete the decision form @ https://faithtabernacle.org.ng Please visit..."
End to end as Arsenal score against Chelsea,https://www.youtube.com/shorts/R5LiG0bQm1c,,Premier League,End to end as Arsenal score against Chelsea - scored by Emile Smith Rowe (2021/22). Premier League shorts üëá https://youtube.com/playlist?list=PLQ_voP4Q3cfcaScJRgWgLgSX3FNMdZC6w Subscribe...
"[ENG SUB] Action gunfight movie ""Special Mercenary"" top special operations",https://www.youtube.com/watch?v=D0GYjRGCopY,,Â∞èÈõ®Â§©ÂΩ±Èô¢,"Security expert Lu Ziming was invited to provide security support for the Kunlang Republic's oil and gas plant project bidding, but was deliberately framed by a competitor‚Äîthe opponent blamed..."
Sentencing of Nigerian trio found guilty of organ harvesting,https://www.youtube.com/watch?v=k8Mb6sFFUxk,,Sky News,"A Nigerian senator, his wife and a medical ""middleman"" are being sentenced after they were found guilty of conspiring to traffic a market trader to the UK to harvest his kidney. The case marks..."
Fireboy DML - Someone (Official Video),https://www.youtube.com/watch?v=AE07nx7r6GU,,Fireboy DML,"Listen to the single ‚ÄúSomeone"". Out Now! Stream: https://music.empi.re/someone #FireboyDML #Someone #EMPIRE Official Video by Fireboy DML - ""Someone"" ¬© 2023 YBNL Nation / EMPIRE"
When She is AttractiveüòÇ,https://www.youtube.com/shorts/UMBJzlfeZlE,,MarkAngelComedy,
High School Magical - THE CHOOSEN ONE ( PREAMBLE COMPILATION ),https://www.youtube.com/watch?v=LCmyHP1ddCs,,SIRBALO STUDIOS ,This episode show the compilation of the premable
Kind Sigma Girl #sigma #viral #funny,https://www.youtube.com/shorts/IPPYAy5HsKs,,Jin and Hattie,#viral #short #shorts
"INCREDIBLE dribble, strength & speed! #shorts",https://www.youtube.com/shorts/Fo1Qc_UMYro,,Premier League,"Incredible dribble, strength & speed! Jamie Vardy scores a goal for Leicester City in a Premier League match against Everton (2017/18). Demarai Gray ‚û°Ô∏è Riyad Mahrez ‚û°Ô∏è Jamie Vardy..."
Mohbad - Ask About Me (Official Video),https://www.youtube.com/watch?v=BGym3wSPDhw,,Mohbad,"Mohbad performing ""Ask About Me"". ‚ñ∫STREAM & DOWNLOAD https://onerpm.lnk.to/Ask-About-Me ‚ñ∫FOLLOW MOHBAD https://www.instagram.com/iammohbad/ https://web.facebook.com/iammohbad1 https://twitte..."
This pit bulls got incredible restraint üò≥ protect his brother is all he cares,https://www.youtube.com/shorts/JdE8Hc70ids,,DARKDYNASTYK9S,
#JohnnysMusicMondays - Believe Me Ft. Don Jazzy,https://www.youtube.com/watch?v=oxiFjyNzrxQ,,Johnny Drille,
Many Things,https://www.youtube.com/watch?v=BR2VjI8m_a8,,Zinoleesky,Provided to YouTube by The Orchard Enterprises Many Things ¬∑ Zinoleesky Many Things ‚Ñó 2023 Marlian Music Released on: 2023-04-21 Producer: Babybeats Auto-generated by YouTube.
THE OUTSIDER - Hollywood English Movie | Blockbuster Jackie Chan Action Full Movies In English HD,https://www.youtube.com/watch?v=Xpm7URf-Jb8,,Blockbuster English Movies,"Presenting Hollywood English Movie Full Action HD (Hollywood Movie English, Action movies, English Movies) "" THE OUTSIDER"" Exclusively on @blockbusterenglishmovies Sit back & enjoy Subscribe..."
Waves Of Love -- Nigeria Movies,https://www.youtube.com/watch?v=v--LDdYGzDA,,JUST LOVE TV,chinenyennebemovies nigerianmovies2022 toosweetannanmovie latesttrendingmovie soniauchemoies rayemodimovies frederickleonardmovies latestlovemovies african full movies2022 nigeriannollywoodmovies...
Majeeed & Tiwa Savage - Gbese (Official Video),https://www.youtube.com/watch?v=-F-kD3TAccc,,Majeeed official,Listen to GBESE by MAJEEED ft TIWA SAVAGE - https://music.empi.re/gbese?fbclid=PA... Keep up with MAJEEED: Tiktok - https://vm.tiktok.com/ZM8oCJHyC/ Instagram - https://instagram.com/majeeedoffici...
Rema - Charm (Lyric Video),https://www.youtube.com/watch?v=MOt3KLHyDhU,,Rema,Rema - Charm (Lyric Video) Stream RAVE & ROSES ULTRA: https://rema.lnk.to/Rave_RosesUltraSR Official Website: https://heisrema.com/ Follow Rema https://www.instagram.com/heisrema/ https://www.fac...
Aquafina,https://www.youtube.com/watch?v=3ow8vB1t6mk,,Young Jonn,Provided to YouTube by Chocolate City Music Aquafina ¬∑ Young Jonn Aquafina ‚Ñó 2023 Chocolate City Music Producer: MagicSticks Vocals: John Udomboso Auto-generated by YouTube.
AMAZING Kid Magician with Autism on BGT 2023 Gets EMOTIONAL!,https://www.youtube.com/shorts/dH0IYLqvBQ8,,Amazing Auditions,Don't miss this mind blowing magic act from Britain's Got Talent 2023. To see the full audition click here: https://www.youtube.com/watch?v=bpE_6301hpU&pp=ygUUMTMgeWVhciBvbGQgbWFnaWNpYW4%3D...
Soweto (with Omah Lay & Tempoe),https://www.youtube.com/watch?v=7bBuTDrjS1M,,Victony,"Provided to YouTube by Encore Recordings Soweto (with Omah Lay & Tempoe) ¬∑ Victony ¬∑ Omah Lay ¬∑ Tempoe Soweto (with Omah Lay & Tempoe) ‚Ñó 2023 VICTONY/KVLT, under exclusive license to..."
The Pretty Maiden Captures The Heart Of The Prince In The Dance Competition - 2023 NIGERIAN MOVIES,https://www.youtube.com/watch?v=6ZU6ShurKGw,,24hrs Nollywood First,"In this Nigerian movie, Prince Azubuike was lame, a pretty maiden Azukaego appeared in the land. She healed the prince and won the prince heart with amazing dance. The prince never knew she..."
"Watch Ebube Nwagbo, Bimbo Ademoye and John Ekanem in FREE FALL | Trending Nollywood Movie",https://www.youtube.com/watch?v=6wRl9InSLcw,,Royal Arts TV,"Vivian Martins, a 31-year-old financial analyst is married to Jamie Martins, a 32-year-old insurance marketer. Vivian and Jamie have a happy and peaceful marriage until Vivian invites her..."
Match Highlights: Crystal Palace 4-3 West Ham United,https://www.youtube.com/watch?v=t3buBLTqrw0,,Crystal Palace FC,Wilfried Zaha struck on his return to the Crystal Palace starting XI as the Eagles moved up to 11th place in the Premier League table with a remarkable 4-3 win over West Ham United at Selhurst...
15-Year-old Lamine Yamal DEBUT,https://www.youtube.com/watch?v=1myxpYt1wb0,,aranFE,Twitter: https://twitter.com/aran_fe üîîTURN ON MY POST NOTIFICATIONS TO NEVER MISS AN UPLOADüîî This content is both in Transformative and Educational nature. Video is in compliance with...
"THE BOSS LADY (New Movie) Maurice Sam, Chinenye Nnebe, Chioma Nwaoha 2023 Nigerian Nollywood Movie",https://www.youtube.com/watch?v=BDLK4gc9wTo,,Uche Nancy tv,"THE BOSS LADY (New Movie) Maurice Sam, Chinenye Nnebe, Chioma Nwaoha 2023 Nigerian Nollywood Movie SUBSCRIBE NOW https://www.youtube.com/channel/UCzKrLr1ZD1uds-7c7vaSjVA?sub_confirmation=1..."
When she‚Äôs rude and says she has a boyfriend @AshleyNocera,https://www.youtube.com/shorts/lFCQWLvpohg,,KingBach,
IZZAR SO SABON SALO EPISODE 120 ORIGINAL,https://www.youtube.com/watch?v=I0861P25nl8,,BAKORI TV,
Adorable kid magician performs with a LEGEND,https://www.youtube.com/shorts/hiKVGaTPVsc,,America's Got Talent,Aidan McCann and Mat Franco teamed up to create the most incredible magic on AGT: All-Stars! Watch the full performance here: https://youtu.be/5oixRdtVBys ¬ª Get The America's Got Talent App:...
Oganigwe,https://www.youtube.com/watch?v=8jZUlTeG8Yk,,Zlatan,Provided to YouTube by ONErpm Oganigwe ¬∑ Zlatan ¬∑ Omoniyi Temidayo Raphael ¬∑ Tochukwu Ojogwu ¬∑ Ani Jeremiah Chukwuebuka ¬∑ Odumodublvck ¬∑ Jeriq Omo Ologo ‚Ñó Zanku Records / ONErpm...
mum vs mama,https://www.youtube.com/watch?v=du077AbbjIQ,,HouseOfAjebo,"There is a difference between mum and Mama, they react differently Subscribe to House Of Ajebo Official YouTube Channel: https://www.youtube.com/channel/UC26q7KQxr5TnKm-OT25MyyQ?sub_confirmatio..."
RBL DOMINATED Semi-Final clash | SC Freiburg vs. RB Leipzig 1-5 | Highlights | DFB-Pokal Semi-Final,https://www.youtube.com/watch?v=srfkTqbsa4c,,German Football,"Enjoy the highlights of SC Freiburg vs. RB Leipzig from the Semi-Final of the DFB-Pokal season 2022/23. #DFBPokal #BERLIN2023 #SCFRBL Goals: 0-1 Dani Olmo (13‚Äô), 0-2 Benjamin Henrichs (14‚Äô),..."
"TRENDING| President - Elect Bola Tinubu Moves Into Defence House, Abuja",https://www.youtube.com/watch?v=RIZ_yabcOvo,,TVC News Nigeria,#TVCNews #TVC #News #tinubu #NaijaNews #NaijaGist #Entertainment #NewsUpdate #BreakingNews #NewsInNigeria #TrendingGists #latestnews #todaynews #BreakingNews #TrendingVideo Join this channel...
Igbale 2 Latest Yoruba Movie 2023 Drama | Lateef Adedimeji | Bimpe Oyebade | Seun Akindele |Tina Mba,https://www.youtube.com/watch?v=1Q6FHXAj4ps,,Yorubaplus,"When the seemingly perfect facade of an elite family's home begin to crack, a spiral of dysfunctions and chaos is unleashed, as each member struggle to hide their secrets and desires from one..."
üñ§‚ù§Ô∏è Respect Jeremie Frimpong ü´∂,https://www.youtube.com/shorts/M3L_zsHjomo,,Bayer 04 Leverkusen,What a nice gesture! #shorts #werkself #b04 #bayer04 Become part of the #B04 #Werkself and activate the bell ‚ñ∂ https://zly.de/ath/B04 Bayer 04 Leverkusen on social media: Website ‚ñ∂ https://w...
Davido - UNAVAILABLE (Official Video) ft. Musa Keys,https://www.youtube.com/watch?v=OSBan_sH_b8,,Davido,Davido - UNAVAILABLE (Official Video) ft. Musa Keys Listen to the new album ‚ÄòTimeless‚Äô: https://davido.lnk.to/timeless ---------------------------------- Follow Davido: TikTok: https://www.ti...
A SERIAL KILLER - Hollywood English Movie | Jason Statham Blockbuster Full Action Movies In English,https://www.youtube.com/watch?v=QsXmNc84BuI,,Blockbuster English Movies,"Presenting Hollywood English Movie Full Action HD (Hollywood Movie English, Action movies, Thriller Movies, English Movies, Jason Statham Movies In English) ""SERIAL KILLER"" Exclusively on @blockbus..."
Davido - UNAVAILABLE (Official Video) ft. Musa Keys,https://www.youtube.com/watch?v=OSBan_sH_b8,,Davido,Davido - UNAVAILABLE (Official Video) ft. Musa Keys Listen to the new album ‚ÄòTimeless‚Äô: https://davido.lnk.to/timeless ---------------------------------- Follow Davido: TikTok: https://www.ti...
HOME SERVICE | Brodashaggi | Kiekie |Jide Kosoko | Kate Henshaw,https://www.youtube.com/watch?v=dfUifogB0_k,,official BRODA SHAGGI,"HOME SERVICE | Brodashaggi | Kiekie |Jide Kosoko | Kate Henshaw Please SUBSCRIBE to Broda Shaggi Official YouTube Channel, Nigeria's number 1 Fine boy Agbero https://www.youtube.com/channel/UCG6orN..."
The most BIZARRE Premier League goal? #shorts,https://www.youtube.com/shorts/PQK4FMRItGY,,Premier League,The most BIZARRE Premier League goal? Former Manchester United midfielder Nani scores in a match against Tottenham Hotspur (2010/11). Premier League shorts üëá https://youtube.com/playlist?list=P...
Johnny Drille - Believe Me (Official Music Video),https://www.youtube.com/watch?v=FVcW9Aj5R2g,,Johnny Drille,Johnny Drille - Believe Me [Prod. by Don Jazzy] (Official Music Video) Stream/Download: https://johnnydrille.lnk.to/believe-meYT Follow Johnny Drille Facebook: https://www.facebook.com/Johnnydri...
The new way to get a lady's contact,https://www.youtube.com/shorts/pUcZKr1MM-c,,MarkAngelComedy,
Charm,https://www.youtube.com/watch?v=vGql5RE_uqM,,Rema,Provided to YouTube by Vydia Charm ¬∑ Rema Rave & Roses (Ultra) ‚Ñó 2023 Mavin Global Holdings /Jonzing World Entertainment Released on: 2023-04-28 Producer: London Composer: Divine Ikubor...
"HIGHLIGHTS | Arsenal vs Chelsea (3-1) | Odegaard (2), Gabriel Jesus",https://www.youtube.com/watch?v=w5GTqa4odz8,,Arsenal,We returned to the top of the table thanks to a first-half blitz at Emirates Stadium. A well taken double from Martin Odegaard ‚Äì both set up by Granit Xhaka - put us two goals to the good...
Many Things,https://www.youtube.com/watch?v=BR2VjI8m_a8,,Zinoleesky,Provided to YouTube by The Orchard Enterprises Many Things ¬∑ Zinoleesky Many Things ‚Ñó 2023 Marlian Music Released on: 2023-04-21 Producer: Babybeats Auto-generated by YouTube.
Episode 16 | Live Shows | The Voice Nigeria Season 4,https://www.youtube.com/watch?v=FCce0fqM4os,,The Voice Nigeria,Official Website: www.thevoicenigeria.com Twitter: https://twitter.com/thevoice_NGR Facebook: https://www.facebook.com/TheVoiceNigeria/ Instagram: https://www.instagram.com/thevoice_nigeria/...
"THE BOSS LADY (New Movie) Maurice Sam, Chinenye Nnebe, Chioma Nwaoha 2023 Nigerian Nollywood Movie",https://www.youtube.com/watch?v=BDLK4gc9wTo,,Uche Nancy tv,"THE BOSS LADY (New Movie) Maurice Sam, Chinenye Nnebe, Chioma Nwaoha 2023 Nigerian Nollywood Movie SUBSCRIBE NOW https://www.youtube.com/channel/UCzKrLr1ZD1uds-7c7vaSjVA?sub_confirmation=1..."
Alakija The Godmother Latest Yoruba Movie 2023 Drama | Peju Ogunmola | Feranmi Oyalowo |Kola Ajeyemi,https://www.youtube.com/watch?v=Lx5NtVhXAhI,,Yorubaplus,"Shortly after her demise, Alakija's descendants embark on a final journey where they stumble upon a sacred land ruled by an authoritarian who shares a striking resemblance with their mother,..."
An Intricate look At Mujahideen Fighting Soviets In 1984 #documentary #afghanistan #coldwar,https://www.youtube.com/shorts/om_IQQ2vZcs,,Our History,Subscribe to Our History: https://bit.ly/3v5mKBG Watch More Documentaries Our Life - https://bit.ly/3A8xRMJ Our History - https://bit.ly/3rUpdhL Our World - https://bit.ly/3ftuckM Our...
Young Jonn - Aquafina (Official Music Video),https://www.youtube.com/watch?v=0zesotRwEWM,,Young Jonn,#YoungJonn #Aquafina #Myaquafina Young Jonn - Aquafina Listen: https://YoungJonn.lnk.to/AquafinaOM LYRICS Intro: Jiggy Verse 1 My Aquafina Kilode ton para Most nights i‚Äôm lonely o but...
This pit bulls got incredible restraint üò≥ protect his brother is all he cares,https://www.youtube.com/shorts/JdE8Hc70ids,,DARKDYNASTYK9S,
"JBO 2 (JAGUDA BABA OLE) - Latest 2023 Yoruba Movie Starring; Mercy Aigbe, Adeniyi, Ibrahim Yekini",https://www.youtube.com/watch?v=2X7MrOLtAyA,,YORUBAPLAY,"JBO, the most wanted notorious armed criminal, is determined to confront the government, she began using her identical twin's image as a false flag operation. Find out what happened in this..."
FAMILY COMMOTION üòÇ | Twyse and Family,https://www.youtube.com/watch?v=oldfzmwtGtA,,Twyse Ereme,#TwyseAndFamily Twyse and Family THE MOVIE - https://www.reelhouse.org/twyseereme/twyse-and-family-the-movie SOCIAL MEDIA: Instagram: https://www.instagram.com/twyse_116/ Twitter: https://www.tw...
RECITATION || MOUNT ZION FILM PRODUCTIONS,https://www.youtube.com/watch?v=0FzSG3eyMnU,,Damilola Mike-Bamiloye,"Register for Mount Zion Film Academy here: https://bit.ly/2023mzfa If you have been blessed and you feel led to sow, here are the accounts ZELLE: damilolabamiloye@gmail.com Account Name..."
"[ENG SUB] Action gunfight movie ""Special Mercenary"" top special operations",https://www.youtube.com/watch?v=D0GYjRGCopY,,Â∞èÈõ®Â§©ÂΩ±Èô¢,"Security expert Lu Ziming was invited to provide security support for the Kunlang Republic's oil and gas plant project bidding, but was deliberately framed by a competitor‚Äîthe opponent blamed..."
"42ND LIBERATION MANDATE ANNIVERSARY SERVICE | 1, MAY 2023 | FAITH TABERNACLE OTA",https://www.youtube.com/watch?v=5QwmIyvXWbI,,Living Faith Church Worldwide,"Welcome to Our 42nd Liberation Mandate Anniversary Service. If you have recently given your life to Christ, kindly complete the decision form @ https://faithtabernacle.org.ng Please visit..."
Waves Of Love -- Nigeria Movies,https://www.youtube.com/watch?v=v--LDdYGzDA,,JUST LOVE TV,chinenyennebemovies nigerianmovies2022 toosweetannanmovie latesttrendingmovie soniauchemoies rayemodimovies frederickleonardmovies latestlovemovies african full movies2022 nigeriannollywoodmovies...
Mercy Chinwo - Wonder (Official Video),https://www.youtube.com/watch?v=nB9OfQwOlcM,,Mercy Chinwo Official,"The official video for the song 'Wonder' by Mercy Chinwo off her EP, Elevated. Stream on all platforms - https://mercy-chinwo.ffm.to/elevated Follow Mercy Chinwo: Instagram - https://www.instagr..."
The Pretty Maiden Captures The Heart Of The Prince In The Dance Competition - 2023 NIGERIAN MOVIES,https://www.youtube.com/watch?v=6ZU6ShurKGw,,24hrs Nollywood First,"In this Nigerian movie, Prince Azubuike was lame, a pretty maiden Azukaego appeared in the land. She healed the prince and won the prince heart with amazing dance. The prince never knew she..."
High School Magical - THE CHOOSEN ONE ( PREAMBLE COMPILATION ),https://www.youtube.com/watch?v=LCmyHP1ddCs,,SIRBALO STUDIOS ,This episode show the compilation of the premable
Hamisu Breaker - Alkawari (official video) 2023,https://www.youtube.com/watch?v=Ez6lkaDdrtA,,Hamisu Breaker,#HamisuBreaker #alkawari #amjadrecords Distribution & Exclusive License Under ¬© 2023 Amjadmusik
IZZAR SO SABON SALO EPISODE 120 ORIGINAL,https://www.youtube.com/watch?v=I0861P25nl8,,BAKORI TV,
THE OUTSIDER - Hollywood English Movie | Blockbuster Jackie Chan Action Full Movies In English HD,https://www.youtube.com/watch?v=Xpm7URf-Jb8,,Blockbuster English Movies,"Presenting Hollywood English Movie Full Action HD (Hollywood Movie English, Action movies, English Movies) "" THE OUTSIDER"" Exclusively on @blockbusterenglishmovies Sit back & enjoy Subscribe..."
"Watch Ebube Nwagbo, Bimbo Ademoye and John Ekanem in FREE FALL | Trending Nollywood Movie",https://www.youtube.com/watch?v=6wRl9InSLcw,,Royal Arts TV,"Vivian Martins, a 31-year-old financial analyst is married to Jamie Martins, a 32-year-old insurance marketer. Vivian and Jamie have a happy and peaceful marriage until Vivian invites her..."
End to end as Arsenal score against Chelsea,https://www.youtube.com/shorts/R5LiG0bQm1c,,Premier League,End to end as Arsenal score against Chelsea - scored by Emile Smith Rowe (2021/22). Premier League shorts üëá https://youtube.com/playlist?list=PLQ_voP4Q3cfcaScJRgWgLgSX3FNMdZC6w Subscribe...
"Olamide, CKay - Trumpet (Official Video)",https://www.youtube.com/watch?v=FcjOlcWaaU8,,Olamide,"Listen to the single ‚ÄúTrumpet"". Out Now! Stream: https://music.empi.re/trumpetolamideckay Director: Jyde Ajala Production: Dew Media Production #Olamide #CKay #EMPIRE Official Video..."
Secret Behind Our Marriage 2 - Latest Yoruba Movie 2023 Premium Lateef Adedimeji | Mobimpe Oyebade,https://www.youtube.com/watch?v=U5OtmVZrT9c,,Yorubahood,"A beauty queen gets married to the love of her life and while hoping for a perfect marriage, her husband turns out to be a beast and monster combined. There isn't going to be a happily ever..."
"Adekunle Gold, Zinoleesky - Party No Dey Stop (Official Music Video)",https://www.youtube.com/watch?v=VnXq06m9P4g,,Adekunle Gold,Listen/Download: https://adekunlegold.lnk.to/PNDS Watch Lyric Video: https://adekunlegold.lnk.to/PNDSLyricVid Watch UGC Compilation: https://adekunlegold.lnk.to/PNDSUGC Use The Sound! https://adek...
When She is AttractiveüòÇ,https://www.youtube.com/shorts/UMBJzlfeZlE,,MarkAngelComedy,
Rema - Charm (Lyric Video),https://www.youtube.com/watch?v=MOt3KLHyDhU,,Rema,Rema - Charm (Lyric Video) Stream RAVE & ROSES ULTRA: https://rema.lnk.to/Rave_RosesUltraSR Official Website: https://heisrema.com/ Follow Rema https://www.instagram.com/heisrema/ https://www.fac...
Episode 15 | Live Shows | The Voice Nigeria Season 4,https://www.youtube.com/watch?v=ROI-_UQjvq8,,The Voice Nigeria,Official Website: www.thevoicenigeria.com Twitter: https://twitter.com/thevoice_NGR Facebook: https://www.facebook.com/TheVoiceNigeria/ Instagram: https://www.instagram.com/thevoice_nigeria/...
Kind Sigma Girl #sigma #viral #funny,https://www.youtube.com/shorts/IPPYAy5HsKs,,Jin and Hattie,#viral #short #shorts
How I Made Her Phone And Money Disappear #shorts,https://www.youtube.com/shorts/PjX4fx81aV8,,Wian,
When she‚Äôs rude and says she has a boyfriend @AshleyNocera,https://www.youtube.com/shorts/lFCQWLvpohg,,KingBach,
üñ§‚ù§Ô∏è Respect Jeremie Frimpong ü´∂,https://www.youtube.com/shorts/M3L_zsHjomo,,Bayer 04 Leverkusen,What a nice gesture! #shorts #werkself #b04 #bayer04 Become part of the #B04 #Werkself and activate the bell ‚ñ∂ https://zly.de/ath/B04 Bayer 04 Leverkusen on social media: Website ‚ñ∂ https://w...
Aquafina,https://www.youtube.com/watch?v=3ow8vB1t6mk,,Young Jonn,Provided to YouTube by Chocolate City Music Aquafina ¬∑ Young Jonn Aquafina ‚Ñó 2023 Chocolate City Music Producer: MagicSticks Vocals: John Udomboso Auto-generated by YouTube.
"INCREDIBLE dribble, strength & speed! #shorts",https://www.youtube.com/shorts/Fo1Qc_UMYro,,Premier League,"Incredible dribble, strength & speed! Jamie Vardy scores a goal for Leicester City in a Premier League match against Everton (2017/18). Demarai Gray ‚û°Ô∏è Riyad Mahrez ‚û°Ô∏è Jamie Vardy..."
Soweto (with Omah Lay & Tempoe),https://www.youtube.com/watch?v=7bBuTDrjS1M,,Victony,"Provided to YouTube by Encore Recordings Soweto (with Omah Lay & Tempoe) ¬∑ Victony ¬∑ Omah Lay ¬∑ Tempoe Soweto (with Omah Lay & Tempoe) ‚Ñó 2023 VICTONY/KVLT, under exclusive license to..."
Hit ‚ù§Ô∏è for Real Dance #michaelmejeh #dance #youtubeshorts @caciliaofficial4619,https://www.youtube.com/shorts/zm5bL2v876s,,Michael Mejeh,
SO GOOD they got Bruno's Golden Buzzer MID-PERFORMANCE | Auditions | BGT 2023,https://www.youtube.com/watch?v=EGZC231euVs,,Britain's Got Talent,Even a Golden Buzzer won't stop Ghetto Kids from dancing! Bruno Tonioli just couldn't resist pushing his Golden Buzzer for these inspirational kids. See more from Britain's Got Talent at...
FULL PENALTY SHOOTOUT | Brighton v Manchester United | Semi-Final | Emirates FA Cup 2022-23,https://www.youtube.com/watch?v=xZk8Y_Cv9BY,,The Emirates FA Cup,Follow @EmiratesFACup on Twitter for in-game highlights and match updates! https://twitter.com/emiratesfacup Subscribe: https://www.youtube.com/thefacup To find out more about The FA Cup...
Brighton v Manchester United | Key Moments | Semi-Final | Emirates FA Cup 2022-23,https://www.youtube.com/watch?v=9ZddUy3ml54,,The Emirates FA Cup,Watch the key moments from Brighton & Hove Albion v Manchester United in the Semi-finals of the Emirates FA Cup. Follow @EmiratesFACup on Twitter for in-game highlights and match updates!...
Eating in a stranger's house. African mums are the same.,https://www.youtube.com/watch?v=dTHZoBW_k0E,,HouseOfAjebo,Subscribe to House Of Ajebo Official YouTube Channel: https://www.youtube.com/channel/UC26q7KQxr5TnKm-OT25MyyQ?sub_confirmation=1 House of Ajebo is Comedy brand powered by Stand Up Comedian...
